{
  "ground": [
    {
      "scl": {
        "x": 1.0,
        "y": 1.0,
        "z": 1.0
      },
      "rot": {
        "x": 0.0,
        "y": 0.0,
        "z": 0.0
      },
      "pos": {
        "x": 0.0,
        "y": 0.0,
        "z": 0.0
      }
    }
  ],
  "treeThins": [
    {
      "scl": {
        "x": 1.0,
        "y": 1.0,
        "z": 1.0
      },
      "rot": {
        "x": 0.0,
        "y": 0.0,
        "z": 0.0
      },
      "pos": {
        "x": 55.80000305175781,
        "y": 12.887523651123047,
        "z": 10.200000762939454
      }
    },
    {
      "scl": {
        "x": 1.0,
        "y": 1.0,
        "z": 1.0
      },
      "rot": {
        "x": 0.0,
        "y": 0.0,
        "z": 0.0
      },
      "pos": {
        "x": 61.60000228881836,
        "y": 12.887523651123047,
        "z": -30.099998474121095
      }
    }
  ],
  "treeThicks": [
    {
      "scl": {
        "x": 1.2000000476837159,
        "y": 1.2000000476837159,
        "z": 1.2000000476837159
      },
      "rot": {
        "x": 0.0,
        "y": 0.0,
        "z": 0.0
      },
      "pos": {
        "x": 63.29999923706055,
        "y": 13.100000381469727,
        "z": -17.599998474121095
      }
    },
    {
      "scl": {
        "x": 1.0,
        "y": 1.0,
        "z": 1.0
      },
      "rot": {
        "x": 0.0,
        "y": 0.0,
        "z": 0.0
      },
      "pos": {
        "x": 39.900001525878909,
        "y": 13.100000381469727,
        "z": 12.400001525878907
      }
    },
    {
      "scl": {
        "x": 1.5,
        "y": 1.5,
        "z": 1.5
      },
      "rot": {
        "x": 0.0,
        "y": 0.0,
        "z": 0.0
      },
      "pos": {
        "x": 49.900001525878909,
        "y": 13.100000381469727,
        "z": -40.099998474121097
      }
    }
  ],
  "houses1": [
    {
      "scl": {
        "x": 1.0,
        "y": 1.0,
        "z": 1.0
      },
      "rot": {
        "x": 0.0,
        "y": 169.49998474121095,
        "z": 0.0
      },
      "pos": {
        "x": 21.179555892944337,
        "y": 12.406770706176758,
        "z": -21.614755630493165
      }
    }
  ],
  "houses2": [
    {
      "scl": {
        "x": 1.0,
        "y": 1.0,
        "z": 1.0
      },
      "rot": {
        "x": 0.0,
        "y": 207.54725646972657,
        "z": 0.0
      },
      "pos": {
        "x": 25.387699127197267,
        "y": 11.541574478149414,
        "z": -2.048616409301758
      }
    }
  ],
  "houses3": [
    {
      "scl": {
        "x": 1.0,
        "y": 1.0,
        "z": 1.0
      },
      "rot": {
        "x": 0.0,
        "y": 140.66372680664063,
        "z": 0.0
      },
      "pos": {
        "x": 30.709121704101564,
        "y": 11.96953010559082,
        "z": -39.818302154541019
      }
    }
  ]}
