{"player":{"pos":[-3.337860107421875e-06,-38.94166564941406,470.000244140625],"rot":[0.0,0.0,0.0,1.0]}}