{"player":{"pos":[-4.291534423828125e-06,-38.88592529296875,460.0002746582031],"rot":[0.0,0.0,0.0,1.0]}}