{"player":{"pos":[-1.71661376953125e-05,139.3590087890625,789.9999389648438],"rot":[0.0,0.0,0.0,1.0]}}