{"player":{"pos":[749.0980224609375,-37.03874969482422,1155.437255859375],"rot":[0.0,0.23360459506511688,0.0,0.9723316699313238]}}