{"player":{"pos":[168.8486785888672,-38.411685943603516,255.2266845703125],"rot":[0.0,0.3991261124610901,0.0,0.9168961298405374]}}